<?xml version="1.0" encoding="UTF-8"?>
<project-private xmlns="http://www.netbeans.org/ns/project-private/1">
    <editor-bookmarks xmlns="http://www.netbeans.org/ns/editor-bookmarks/2" lastBookmarkId="0"/>
    <open-files xmlns="http://www.netbeans.org/ns/projectui-open-files/2">
        <group>
            <file>file:/G:/Studies/Master_IPP/System%20BIG%20DATA/BIGDATASQUAD/src/bigdatasquad/Read_CSV.java</file>
            <file>file:/G:/Studies/Master_IPP/System%20BIG%20DATA/BIGDATASQUAD/src/bigdatasquad/Export_csv.java</file>
            <file>file:/G:/Studies/Master_IPP/System%20BIG%20DATA/BIGDATASQUAD/src/bigdatasquad/BIGDATASQUAD.java</file>
        </group>
    </open-files>
</project-private>
